{"cameraMode":{"drawMode":0,"name":"Shaded","section":"Shading Mode"},"sceneLighting":false,"audioPlay":false,"sceneViewState":{"showFog":false,"showMaterialUpdate":false,"showSkybox":false,"showFlares":false,"showImageEffects":false,"showParticleSystems":false},"in2DMode":false,"pivot":{"x":-0.4127182960510254,"y":1.4559130668640137,"z":1.7984249591827393},"rotation":{"x":-0.059760864824056628,"y":-0.42210879921913149,"z":0.027900002896785737,"w":-0.9041429162025452},"size":4.902339458465576,"orthographic":false}