{"cameraMode":{"drawMode":0,"name":"Shaded","section":"Shading Mode"},"sceneLighting":false,"audioPlay":false,"sceneViewState":{"showFog":false,"showMaterialUpdate":false,"showSkybox":false,"showFlares":false,"showImageEffects":false,"showParticleSystems":false},"in2DMode":false,"pivot":{"x":0.14742383360862733,"y":0.8592435121536255,"z":0.823752224445343},"rotation":{"x":-0.0114356130361557,"y":-0.3032311797142029,"z":0.0036387175787240268,"w":-0.9528415203094482},"size":1.9367482662200928,"orthographic":false}