{"cameraMode":{"drawMode":0,"name":"Shaded","section":"Shading Mode"},"sceneLighting":false,"audioPlay":false,"sceneViewState":{"showFog":true,"showMaterialUpdate":false,"showSkybox":false,"showFlares":true,"showImageEffects":true,"showParticleSystems":true},"in2DMode":false,"pivot":{"x":0.7096046805381775,"y":-0.4465937614440918,"z":0.03337574005126953},"rotation":{"x":-0.17362959682941438,"y":0.3218671381473541,"z":-0.060170840471982959,"w":-0.9287807941436768},"size":1.102668285369873,"orthographic":false}