{"cameraMode":{"drawMode":0,"name":"Shaded","section":"Shading Mode"},"sceneLighting":false,"audioPlay":false,"sceneViewState":{"showFog":false,"showMaterialUpdate":false,"showSkybox":false,"showFlares":false,"showImageEffects":false,"showParticleSystems":false},"in2DMode":false,"pivot":{"x":1.5849099159240723,"y":1.6323134899139405,"z":10.069012641906739},"rotation":{"x":-0.004800697788596153,"y":-0.06835123151540756,"z":0.00032969843596220016,"w":-0.9976497888565064},"size":28.231319427490236,"orthographic":false}