{"cameraMode":{"drawMode":0,"name":"Shaded","section":"Shading Mode"},"sceneLighting":false,"audioPlay":false,"sceneViewState":{"showFog":true,"showMaterialUpdate":false,"showSkybox":false,"showFlares":true,"showImageEffects":true,"showParticleSystems":true},"in2DMode":false,"pivot":{"x":0.7730367183685303,"y":-0.3206833600997925,"z":-0.2661355137825012},"rotation":{"x":-0.25967124104499819,"y":-0.02983803115785122,"z":0.00802751537412405,"w":-0.9652026295661926},"size":0.3285788297653198,"orthographic":false}