{"cameraMode":{"drawMode":0,"name":"Shaded","section":"Shading Mode"},"sceneLighting":false,"audioPlay":false,"sceneViewState":{"showFog":true,"showMaterialUpdate":false,"showSkybox":false,"showFlares":true,"showImageEffects":true,"showParticleSystems":true},"in2DMode":false,"pivot":{"x":0.6808944940567017,"y":-0.2831369638442993,"z":-0.22279329597949983},"rotation":{"x":-0.17362959682941438,"y":0.3218671381473541,"z":-0.060170840471982959,"w":-0.9287807941436768},"size":1.228578805923462,"orthographic":false}