{"cameraMode":{"drawMode":0,"name":"Shaded","section":"Shading Mode"},"sceneLighting":false,"audioPlay":false,"sceneViewState":{"showFog":false,"showMaterialUpdate":false,"showSkybox":false,"showFlares":false,"showImageEffects":false,"showParticleSystems":false},"in2DMode":false,"pivot":{"x":-0.4127182960510254,"y":1.4559130668640137,"z":1.7984249591827393},"rotation":{"x":-0.05976086109876633,"y":-0.4221087694168091,"z":0.027900001034140588,"w":-0.9041428565979004},"size":6.431255340576172,"orthographic":false}