{"cameraMode":{"drawMode":0,"name":"Shaded","section":"Shading Mode"},"sceneLighting":false,"audioPlay":false,"sceneViewState":{"showFog":false,"showMaterialUpdate":false,"showSkybox":false,"showFlares":false,"showImageEffects":false,"showParticleSystems":false},"in2DMode":false,"pivot":{"x":3.8647570610046388,"y":-0.5197635889053345,"z":8.663538932800293},"rotation":{"x":-0.03036452829837799,"y":-0.26542994379997256,"z":0.008364086039364338,"w":-0.9636156558990479},"size":12.05891227722168,"orthographic":false}