{"cameraMode":{"drawMode":0,"name":"Shaded","section":"Shading Mode"},"sceneLighting":false,"audioPlay":false,"sceneViewState":{"showFog":false,"showMaterialUpdate":false,"showSkybox":false,"showFlares":false,"showImageEffects":false,"showParticleSystems":false},"in2DMode":false,"pivot":{"x":0.09582173824310303,"y":0.7870801091194153,"z":0.8385031819343567},"rotation":{"x":-0.12229538708925247,"y":-0.8376238346099854,"z":0.20925810933113099,"w":-0.4895316958427429},"size":2.729956865310669,"orthographic":false}