{"cameraMode":{"drawMode":0,"name":"Shaded","section":"Shading Mode"},"sceneLighting":false,"audioPlay":false,"sceneViewState":{"showFog":false,"showMaterialUpdate":false,"showSkybox":false,"showFlares":false,"showImageEffects":false,"showParticleSystems":false},"in2DMode":false,"pivot":{"x":0.49320483207702639,"y":1.241260051727295,"z":0.5194242000579834},"rotation":{"x":-0.0783826932311058,"y":-0.40298694372177126,"z":0.034666966646909717,"w":-0.9111838340759277},"size":4.961459159851074,"orthographic":false}