{"cameraMode":{"drawMode":0,"name":"Shaded","section":"Shading Mode"},"sceneLighting":false,"audioPlay":false,"sceneViewState":{"showFog":true,"showMaterialUpdate":false,"showSkybox":true,"showFlares":true,"showImageEffects":true,"showParticleSystems":true},"in2DMode":false,"pivot":{"x":-0.46828943490982058,"y":1.643081545829773,"z":3.9492998123168947},"rotation":{"x":0.017687518149614335,"y":0.0065935836173594,"z":0.00011672299297060817,"w":-0.9998218417167664},"size":5.2223100662231449,"orthographic":false}