{"cameraMode":{"drawMode":0,"name":"Shaded","section":"Shading Mode"},"sceneLighting":false,"audioPlay":false,"sceneViewState":{"showFog":false,"showMaterialUpdate":false,"showSkybox":false,"showFlares":false,"showImageEffects":false,"showParticleSystems":false},"in2DMode":false,"pivot":{"x":1.0829013586044312,"y":-0.7425296306610107,"z":-1.9387998580932618},"rotation":{"x":-0.0632898285984993,"y":0.9155451059341431,"z":-0.3638897240161896,"w":-0.15923509001731873},"size":4.742904186248779,"orthographic":false}