{"cameraMode":{"drawMode":0,"name":"Shaded","section":"Shading Mode"},"sceneLighting":false,"audioPlay":false,"sceneViewState":{"showFog":false,"showMaterialUpdate":false,"showSkybox":false,"showFlares":false,"showImageEffects":false,"showParticleSystems":false},"in2DMode":false,"pivot":{"x":0.2906789779663086,"y":0.49324190616607668,"z":0.8948793411254883},"rotation":{"x":-0.1522657722234726,"y":0.3893837332725525,"z":-0.06543824076652527,"w":-0.9060426950454712},"size":2.5671770572662355,"orthographic":false}