{"cameraMode":{"drawMode":0,"name":"Shaded","section":"Shading Mode"},"sceneLighting":false,"audioPlay":false,"sceneViewState":{"showFog":true,"showMaterialUpdate":false,"showSkybox":true,"showFlares":true,"showImageEffects":true,"showParticleSystems":true},"in2DMode":false,"pivot":{"x":-0.5892961025238037,"y":-1.407368540763855,"z":14.32204818725586},"rotation":{"x":-0.0952402651309967,"y":0.019057661294937135,"z":-0.001823972212150693,"w":-0.9952702522277832},"size":15.423358917236329,"orthographic":false}