{"cameraMode":{"drawMode":0,"name":"Shaded","section":"Shading Mode"},"sceneLighting":false,"audioPlay":false,"sceneViewState":{"showFog":true,"showMaterialUpdate":false,"showSkybox":true,"showFlares":true,"showImageEffects":true,"showParticleSystems":true},"in2DMode":false,"pivot":{"x":0.5564469695091248,"y":-0.06163942813873291,"z":-1.6565840244293213},"rotation":{"x":0.020288674160838128,"y":0.9742097854614258,"z":-0.0976509228348732,"w":0.20240555703639985},"size":5.724839687347412,"orthographic":false}