{"cameraMode":{"drawMode":0,"name":"Shaded","section":"Shading Mode"},"sceneLighting":false,"audioPlay":false,"sceneViewState":{"showFog":true,"showMaterialUpdate":false,"showSkybox":true,"showFlares":true,"showImageEffects":true,"showParticleSystems":true},"in2DMode":false,"pivot":{"x":0.3856688439846039,"y":0.7532092928886414,"z":4.133723258972168},"rotation":{"x":-0.07271004468202591,"y":-0.05831366032361984,"z":0.0042580789886415009,"w":-0.995637834072113},"size":4.285892009735107,"orthographic":false}