{"cameraMode":{"drawMode":0,"name":"Shaded","section":"Shading Mode"},"sceneLighting":false,"audioPlay":false,"sceneViewState":{"showFog":true,"showMaterialUpdate":false,"showSkybox":true,"showFlares":true,"showImageEffects":true,"showParticleSystems":true},"in2DMode":false,"pivot":{"x":-1.7471230030059815,"y":0.936110258102417,"z":4.851900577545166},"rotation":{"x":-0.017107170075178148,"y":0.18307919800281526,"z":-0.0031866913195699455,"w":-0.9829441905021668},"size":5.663377285003662,"orthographic":false}