{"cameraMode":{"drawMode":0,"name":"Shaded","section":"Shading Mode"},"sceneLighting":false,"audioPlay":false,"sceneViewState":{"showFog":true,"showMaterialUpdate":false,"showSkybox":false,"showFlares":true,"showImageEffects":true,"showParticleSystems":true},"in2DMode":false,"pivot":{"x":0.3750001788139343,"y":0.0,"z":-7.450580596923828e-9},"rotation":{"x":-0.11510685086250305,"y":-0.41236740350723269,"z":0.05261236056685448,"w":-0.9021838307380676},"size":1.2593085765838624,"orthographic":false}